,survived,pclass,sex,age,sibsp,parch,fare,embarked,class,who,adult_male,embark_town,alive,alone
0,0,3,male,-0.6445007503426788,1,0,-0.7512650407623164,S,Third,man,True,Southampton,no,False
2,1,3,female,-0.24559910943801097,0,0,-0.7002649893973995,S,Third,woman,False,Southampton,yes,True
3,1,1,female,0.6519295825974918,1,0,2.712960670469438,S,First,woman,False,Southampton,yes,False
4,0,3,male,0.6519295825974918,0,0,-0.6908205354409335,S,Third,man,True,Southampton,no,True
5,0,3,male,0.12329691538978338,0,0,-0.6599711710375328,Q,Third,man,True,Queenstown,no,True
6,0,1,male,2.5467123768946642,0,0,2.619460576300424,S,First,man,True,Southampton,no,True
8,1,3,female,-0.145873699211844,0,2,-0.4578598563691588,S,Third,woman,False,Southampton,yes,False
9,1,2,female,-1.4423040321520146,1,0,0.9729749180354507,C,Second,child,False,Cherbourg,yes,False
10,1,3,female,-2.4395581344136845,1,1,-0.03726432165348151,S,Third,child,False,Southampton,yes,False
12,0,3,male,-0.8439515707950128,0,0,-0.6908205354409335,S,Third,man,True,Southampton,no,True
13,0,3,male,1.0508312235021597,1,5,1.063959009670462,S,Third,man,True,Southampton,no,False
14,0,3,female,-1.4423040321520146,0,0,-0.705614328118342,S,Third,child,False,Southampton,no,True
17,1,2,male,0.12329691538978338,0,0,-0.3168201587648771,S,Second,man,True,Southampton,yes,True
18,0,3,female,0.2530279416928239,1,0,0.06095799949376567,S,Third,woman,False,Southampton,no,False
19,1,3,female,0.12329691538978338,0,0,-0.7531539315536095,C,Third,woman,False,Cherbourg,yes,True
20,0,2,male,0.6519295825974918,0,0,0.6654030527075941,S,Second,man,True,Southampton,no,True
21,1,2,male,0.5522041723713248,0,0,-0.3168201587648771,S,Second,man,True,Southampton,yes,True
22,1,3,female,-1.3425786219258478,0,0,-0.6923920925792895,Q,Third,child,False,Queenstown,yes,True
23,1,1,male,-0.046148288985677036,0,0,1.3831815533990155,S,First,man,True,Southampton,yes,True
24,0,3,female,-2.0406564935090166,3,1,0.2932915668228309,S,Third,child,False,Southampton,no,False
25,1,3,female,0.9511058132759926,1,5,1.0724590182312816,S,Third,woman,False,Southampton,yes,False
26,0,3,male,0.12329691538978338,0,0,-0.7531539315536095,C,Third,man,True,Cherbourg,no,True
28,1,3,female,0.12329691538978338,0,0,-0.7037254373270486,Q,Third,woman,False,Queenstown,yes,True
29,0,3,male,0.12329691538978338,0,0,-0.7024712138416299,S,Third,man,True,Southampton,no,True
30,0,1,male,1.1505566337283266,0,0,0.7954191836538886,C,First,man,True,Cherbourg,no,True
32,1,3,female,0.12329691538978338,0,0,-0.713487224936452,Q,Third,woman,False,Queenstown,yes,True
35,0,1,male,1.3500074541806606,1,0,2.6298494756525366,S,First,man,True,Southampton,no,False
36,1,3,male,0.12329691538978338,0,0,-0.7528365979006724,C,Third,man,True,Cherbourg,yes,True
37,0,3,male,-0.7442261605688458,0,0,-0.6908205354409335,S,Third,man,True,Southampton,no,True
38,0,3,female,-1.0434023912473467,2,0,0.06095799949376567,S,Third,woman,False,Southampton,no,False
39,1,3,female,-1.4423040321520146,1,0,-0.44966962589811144,C,Third,child,False,Cherbourg,yes,False
40,0,3,female,1.1505566337283266,1,0,-0.5831537603372203,S,Third,woman,False,Southampton,no,False
41,0,2,female,-0.145873699211844,1,0,0.28762489444895134,S,Second,woman,False,Southampton,no,False
42,0,3,male,0.12329691538978338,0,0,-0.7024712138416299,C,Third,man,True,Cherbourg,no,True
43,1,2,female,-2.539283544639851,1,2,1.8424993493362036,C,Second,child,False,Cherbourg,yes,False
44,1,3,female,-0.9436769810211798,0,0,-0.7037254373270486,Q,Third,woman,False,Queenstown,yes,True
45,0,3,male,0.12329691538978338,0,0,-0.6908205354409335,S,Third,man,True,Southampton,no,True
46,0,3,male,0.12329691538978338,1,0,-0.12793107963555572,Q,Third,man,True,Queenstown,no,False
47,1,3,female,0.12329691538978338,0,0,-0.713487224936452,Q,Third,woman,False,Queenstown,yes,True
48,0,3,male,0.12329691538978338,2,0,0.3389422794668055,C,Third,man,True,Cherbourg,no,False
49,0,3,female,-1.0434023912473467,1,0,0.04584687316342002,S,Third,woman,False,Southampton,no,False
50,0,3,male,-2.1403819037351832,4,1,1.6995707609406288,S,Third,child,False,Southampton,no,False
51,0,3,male,-0.7442261605688458,0,0,-0.7097094433538655,S,Third,man,True,Southampton,no,True
53,1,2,female,0.05357712124048994,1,0,0.6654030527075941,S,Second,woman,False,Southampton,yes,False
55,1,1,male,0.12329691538978338,0,0,1.3831815533990155,S,First,man,True,Southampton,yes,True
56,1,2,female,-0.7442261605688458,0,0,-0.5057092378941985,S,Second,woman,False,Southampton,yes,True
57,0,3,male,0.0037144161274064503,0,0,-0.7528365979006724,C,Third,man,True,Cherbourg,no,True
58,1,2,female,-2.3398327241875174,1,2,0.7976254080981191,S,Second,child,False,Southampton,yes,False
59,0,3,male,-1.7414802628305155,5,2,2.244515754228721,S,Third,child,False,Southampton,no,False
60,0,3,male,-0.6445007503426788,0,0,-0.7528365979006724,C,Third,man,True,Cherbourg,no,True
63,0,3,male,-2.4395581344136845,3,2,0.8089587528458783,S,Third,child,False,Southampton,no,False
64,0,1,male,0.12329691538978338,0,0,0.7954191836538886,C,First,man,True,Cherbourg,no,True
65,1,3,male,0.12329691538978338,1,1,-0.1471373212014252,C,Third,man,True,Cherbourg,yes,False
66,1,2,female,0.05357712124048994,0,0,-0.5057092378941985,S,Second,woman,False,Southampton,yes,True
67,0,3,male,-0.9436769810211798,0,0,-0.6826378605330512,S,Third,man,True,Southampton,no,True
68,1,3,female,-1.1431278014735138,4,2,-0.7002649893973995,S,Third,woman,False,Southampton,yes,False
69,0,3,male,-0.24559910943801097,2,0,-0.6445427110542498,S,Third,man,True,Southampton,no,False
70,0,2,male,0.3527533519189909,0,0,-0.5057092378941985,S,Second,man,True,Southampton,no,True
71,0,3,female,-1.2428532116996807,5,2,2.244515754228721,S,Third,woman,False,Southampton,no,False
73,0,3,male,-0.24559910943801097,1,0,-0.20694715921693344,C,Third,man,True,Cherbourg,no,False
74,1,3,male,0.3527533519189909,0,0,2.9695324844323783,S,Third,man,True,Southampton,yes,True
75,0,3,male,-0.34532451966417793,0,0,-0.7210427881016249,S,Third,man,True,Southampton,no,True
76,0,3,male,0.12329691538978338,0,0,-0.7024712138416299,S,Third,man,True,Southampton,no,True
77,0,3,male,0.12329691538978338,0,0,-0.6908205354409335,S,Third,man,True,Southampton,no,True
79,1,3,female,0.1533025314666569,0,0,-0.3564868653820346,S,Third,woman,False,Southampton,yes,True
80,0,3,male,-0.6445007503426788,0,0,-0.6190426853717913,S,Third,man,True,Southampton,no,True
81,1,3,male,0.05357712124048994,0,0,-0.581264869545927,S,Third,man,True,Southampton,yes,True
82,1,3,female,0.12329691538978338,0,0,-0.7106538887495123,Q,Third,woman,False,Queenstown,yes,True
83,0,1,male,-0.046148288985677036,0,0,2.259626880559067,S,First,man,True,Southampton,no,True
84,1,2,female,-1.1431278014735138,0,0,-0.5057092378941985,S,Second,woman,False,Southampton,yes,True
85,1,3,female,0.4524787621451578,3,0,-0.10148660855745076,S,Third,woman,False,Southampton,yes,False
86,0,3,male,-1.2428532116996807,1,3,1.2981814677908208,S,Third,man,True,Southampton,no,False
87,0,3,male,0.12329691538978338,0,0,-0.6908205354409335,S,Third,man,True,Southampton,no,True
89,0,3,male,-0.4450499298903449,0,0,-0.6908205354409335,S,Third,man,True,Southampton,no,True
90,0,3,male,0.05357712124048994,0,0,-0.6908205354409335,S,Third,man,True,Southampton,no,True
91,0,3,male,-0.8439515707950128,0,0,-0.705614328118342,S,Third,man,True,Southampton,no,True
92,0,1,male,1.7489090950853285,1,0,3.323072396057146,S,First,man,True,Southampton,no,False
93,0,3,male,-0.24559910943801097,1,2,0.25551375099696666,S,Third,man,True,Southampton,no,False
95,0,3,male,0.12329691538978338,0,0,-0.6908205354409335,S,Third,man,True,Southampton,no,True
98,1,2,female,0.5522041723713248,0,1,0.4387361577524085,S,Second,woman,False,Southampton,yes,False
99,0,2,male,0.5522041723713248,1,0,0.6654030527075941,S,Second,man,True,Southampton,no,False
100,0,3,female,-0.046148288985677036,0,0,-0.7024712138416299,S,Third,woman,False,Southampton,no,True
101,0,3,male,0.12329691538978338,0,0,-0.7024712138416299,S,Third,man,True,Southampton,no,True
103,0,3,male,0.4524787621451578,0,0,-0.6451698227969591,S,Third,man,True,Southampton,no,True
104,0,3,male,0.8513804030498257,2,0,-0.7002649893973995,S,Third,man,True,Southampton,no,False
105,0,3,male,-0.046148288985677036,0,0,-0.7024712138416299,S,Third,man,True,Southampton,no,True
106,1,3,female,-0.7442261605688458,0,0,-0.7210427881016249,S,Third,woman,False,Southampton,yes,True
107,1,3,male,0.12329691538978338,0,0,-0.7115983341451588,S,Third,man,True,Southampton,yes,True
108,0,3,male,0.9511058132759926,0,0,-0.7024712138416299,S,Third,man,True,Southampton,no,True
109,1,3,female,0.12329691538978338,1,0,0.5256251341518962,Q,Third,woman,False,Queenstown,yes,False
110,0,1,male,1.8486345053114954,0,0,2.6298494756525366,S,First,man,True,Southampton,no,True
111,0,3,female,-1.392441327038931,1,0,-0.20694715921693344,C,Third,child,False,Cherbourg,no,False
112,0,3,male,-0.6445007503426788,0,0,-0.6908205354409335,S,Third,man,True,Southampton,no,True
113,0,3,female,-0.8439515707950128,1,0,-0.5567092892591153,S,Third,woman,False,Southampton,no,False
114,0,3,female,-1.1431278014735138,0,0,-0.2066373811271614,C,Third,woman,False,Cherbourg,no,True
115,0,3,male,-0.7442261605688458,0,0,-0.7002649893973995,S,Third,man,True,Southampton,no,True
117,0,2,male,0.05357712124048994,1,0,0.28762489444895134,S,Second,man,True,Southampton,no,False
121,0,3,male,0.12329691538978338,0,0,-0.6908205354409335,S,Third,man,True,Southampton,no,True
122,0,2,male,0.4026160570320743,1,0,0.9729749180354507,C,Second,man,True,Cherbourg,no,False
123,1,2,female,0.4026160570320743,0,0,-0.3168201587648771,S,Second,woman,False,Southampton,yes,True
125,1,3,male,-1.6417548526043486,1,0,-0.44966962589811144,C,Third,child,False,Cherbourg,yes,False
126,0,3,male,0.12329691538978338,0,0,-0.713487224936452,Q,Third,man,True,Queenstown,no,True
127,1,3,male,-0.4450499298903449,0,0,-0.7594477156701985,S,Third,man,True,Southampton,yes,True
128,1,3,female,0.12329691538978338,1,1,0.39025210892149426,C,Third,woman,False,Cherbourg,yes,False
129,0,3,male,1.6491836848591614,0,0,-0.7720428394665417,S,Third,man,True,Southampton,no,True
130,0,3,male,0.4524787621451578,0,0,-0.7024712138416299,C,Third,man,True,Cherbourg,no,True
131,0,3,male,-0.8439515707950128,0,0,-0.766376167092662,S,Third,man,True,Southampton,no,True
132,0,3,female,1.8486345053114954,1,0,-0.2034867112872843,S,Third,woman,False,Southampton,no,False
133,1,2,female,0.05357712124048994,1,0,0.6654030527075941,S,Second,woman,False,Southampton,yes,False
134,0,2,male,-0.34532451966417793,0,0,-0.3168201587648771,S,Second,man,True,Southampton,no,True
135,0,2,male,-0.5447753401165119,0,0,-0.16224844753177084,C,Second,man,True,Cherbourg,no,True
136,1,1,female,-0.9436769810211798,0,2,0.6868079631545289,S,First,woman,False,Southampton,yes,False
137,0,1,male,0.8513804030498257,1,0,2.712960670469438,S,First,man,True,Southampton,no,False
138,0,3,male,-1.2428532116996807,0,0,-0.6026697799928619,S,Third,man,True,Southampton,no,True
140,0,3,female,0.12329691538978338,0,2,-0.1471373212014252,C,Third,woman,False,Cherbourg,no,False
141,1,3,female,-0.6445007503426788,0,0,-0.713487224936452,S,Third,woman,False,Southampton,yes,True
142,1,3,female,-0.4450499298903449,1,0,-0.10148660855745076,S,Third,woman,False,Southampton,yes,False
143,0,3,male,-0.9436769810211798,0,0,-0.7890428565881806,Q,Third,man,True,Queenstown,no,True
144,0,2,male,-1.0434023912473467,0,0,-0.43015360624246995,S,Second,man,True,Southampton,no,True
145,0,2,male,-0.9436769810211798,1,1,1.4776260929636762,S,Second,man,True,Southampton,no,False
146,1,3,male,-0.145873699211844,0,0,-0.710026777006803,S,Third,man,True,Southampton,yes,True
147,0,3,female,-1.9409310832828495,2,2,1.2981814677908208,S,Third,child,False,Southampton,no,False
148,0,2,male,0.8015176979367422,0,2,0.6654030527075941,S,Second,man,True,Southampton,no,False
149,0,2,male,1.3500074541806606,0,0,-0.3168201587648771,S,Second,man,True,Southampton,no,True
150,0,2,male,2.2475361462161634,0,0,-0.35270908379944815,S,Second,man,True,Southampton,no,True
153,0,3,male,1.2004193388414102,0,2,-0.2034867112872843,S,Third,man,True,Southampton,no,False
154,0,3,male,0.12329691538978338,0,0,-0.7465428137840833,S,Third,man,True,Southampton,no,True
155,0,1,male,2.2475361462161634,0,1,3.338500856040429,C,First,man,True,Cherbourg,no,False
156,1,3,female,-1.2428532116996807,0,0,-0.7147490039850359,Q,Third,woman,False,Queenstown,yes,True
157,0,3,male,0.1533025314666569,0,0,-0.6908205354409335,S,Third,man,True,Southampton,no,True
158,0,3,male,0.12329691538978338,0,0,-0.6445427110542498,S,Third,man,True,Southampton,no,True
160,0,3,male,1.5494582746329946,0,1,-0.08259770064451848,S,Third,man,True,Southampton,no,False
161,1,2,female,1.1505566337283266,0,0,-0.10904217172262358,S,Second,woman,False,Southampton,yes,True
162,0,3,male,-0.24559910943801097,0,0,-0.7115983341451588,S,Third,man,True,Southampton,no,True
163,0,3,male,-1.1431278014735138,0,0,-0.6445427110542498,S,Third,man,True,Southampton,no,True
165,1,3,male,-1.9409310832828495,0,2,0.2517359694143802,S,Third,child,False,Southampton,yes,False
166,1,1,female,0.12329691538978338,0,1,2.8565163706077223,S,First,woman,False,Southampton,yes,False
167,0,3,female,1.6491836848591614,1,4,0.8089587528458783,S,Third,woman,False,Southampton,no,False
168,0,1,male,0.12329691538978338,0,0,0.6597363803337145,S,First,man,True,Southampton,no,True
169,0,3,male,-0.046148288985677036,0,0,2.9695324844323783,S,Third,man,True,Southampton,no,True
171,0,3,male,-2.4395581344136845,4,1,0.9015144016192459,Q,Third,child,False,Queenstown,no,False
173,0,3,male,-0.7442261605688458,0,0,-0.7002649893973995,S,Third,man,True,Southampton,no,True
175,0,3,male,-1.0434023912473467,1,1,-0.705614328118342,S,Third,man,True,Southampton,no,False
176,0,3,male,0.12329691538978338,3,1,0.6251092343477272,S,Third,man,True,Southampton,no,False
177,0,1,female,2.1478107359899963,0,0,0.8703477035629077,C,First,woman,False,Cherbourg,no,True
178,0,2,male,0.1533025314666569,0,0,-0.3168201587648771,S,Second,man,True,Southampton,no,True
179,0,3,male,0.7516549928236588,0,0,-1.2990433702373483,S,Third,man,True,Southampton,no,True
181,0,2,male,0.12329691538978338,0,0,-0.16193111387883352,C,Second,man,True,Cherbourg,no,True
182,0,3,male,-1.9409310832828495,4,2,1.0724590182312816,S,Third,child,False,Southampton,no,False
184,1,3,female,-2.4395581344136845,0,2,0.36506941689197303,S,Third,child,False,Southampton,yes,False
185,0,1,male,0.12329691538978338,0,0,2.4787382123490795,S,First,man,True,Southampton,no,True
186,1,3,female,0.12329691538978338,1,0,-0.12793107963555572,Q,Third,woman,False,Queenstown,yes,False
187,1,1,male,1.6491836848591614,0,0,0.7069586501160449,S,First,man,True,Southampton,yes,True
188,0,3,male,1.1505566337283266,1,1,-0.12793107963555572,Q,Third,man,True,Queenstown,no,False
189,0,3,male,0.7516549928236588,0,0,-0.7024712138416299,S,Third,man,True,Southampton,no,True
190,1,2,female,0.3527533519189909,0,0,-0.3168201587648771,S,Second,woman,False,Southampton,yes,True
191,0,2,male,-0.9436769810211798,0,0,-0.3168201587648771,S,Second,man,True,Southampton,no,True
192,1,3,female,-0.9436769810211798,1,0,-0.705614328118342,S,Third,woman,False,Southampton,yes,False
193,1,2,male,-2.539283544639851,1,1,0.6654030527075941,S,Second,child,False,Southampton,yes,False
194,1,1,female,1.5494582746329946,0,0,0.7954191836538886,C,First,woman,False,Cherbourg,yes,True
196,0,3,male,0.12329691538978338,0,0,-0.713487224936452,Q,Third,man,True,Queenstown,no,True
197,0,3,male,1.3500074541806606,0,1,-0.6640587307098913,S,Third,man,True,Southampton,no,False
198,1,3,female,0.12329691538978338,0,0,-0.713487224936452,Q,Third,woman,False,Queenstown,yes,True
199,0,2,female,-0.4450499298903449,0,0,-0.3168201587648771,S,Second,woman,False,Southampton,no,True
200,0,3,male,-0.046148288985677036,0,0,-0.581264869545927,S,Third,man,True,Southampton,no,True
202,0,3,male,0.5522041723713248,0,0,-0.8082490981540501,S,Third,man,True,Southampton,no,True
203,0,3,male,1.699046389972245,0,0,-0.7531539315536095,C,Third,man,True,Cherbourg,no,True
204,1,3,male,-1.0434023912473467,0,0,-0.6908205354409335,S,Third,man,True,Southampton,yes,True
206,0,3,male,0.3527533519189909,1,0,-0.10148660855745076,S,Third,man,True,Southampton,no,False
207,1,3,male,-0.24559910943801097,0,0,0.12045805941950202,C,Third,man,True,Cherbourg,yes,True
208,1,3,female,-1.2428532116996807,0,0,-0.713487224936452,Q,Third,woman,False,Queenstown,yes,True
209,1,1,male,1.1505566337283266,0,0,1.0431812109662368,C,First,man,True,Cherbourg,yes,True
210,0,3,male,-0.4450499298903449,0,0,-0.766376167092662,S,Third,man,True,Southampton,no,True
211,1,2,female,0.6519295825974918,0,0,0.28762489444895134,S,Second,woman,False,Southampton,yes,True
212,0,3,male,-0.6445007503426788,0,0,-0.7512650407623164,S,Third,man,True,Southampton,no,True
213,0,2,male,0.1533025314666569,0,0,-0.3168201587648771,S,Second,man,True,Southampton,no,True
214,0,3,male,0.12329691538978338,1,0,-0.713487224936452,Q,Third,man,True,Queenstown,no,False
216,1,3,female,-0.145873699211844,0,0,-0.7002649893973995,S,Third,woman,False,Southampton,yes,True
217,0,2,male,1.3500074541806606,1,0,0.7409586843593227,S,Second,man,True,Southampton,no,False
219,0,2,male,0.1533025314666569,0,0,-0.5057092378941985,S,Second,man,True,Southampton,no,True
220,1,3,male,-1.2428532116996807,0,0,-0.6908205354409335,S,Third,man,True,Southampton,yes,True
221,0,2,male,-0.145873699211844,0,0,-0.3168201587648771,S,Second,man,True,Southampton,no,True
222,0,3,male,2.2475361462161634,0,0,-0.6908205354409335,S,Third,man,True,Southampton,no,True
223,0,3,male,0.12329691538978338,0,0,-0.7024712138416299,S,Third,man,True,Southampton,no,True
225,0,3,male,-0.6445007503426788,0,0,-0.5925982142936864,S,Third,man,True,Southampton,no,True
226,1,2,male,-0.9436769810211798,0,0,-0.5057092378941985,S,Second,man,True,Southampton,yes,True
227,0,3,male,-0.7940888656819293,0,0,-0.7512650407623164,S,Third,man,True,Southampton,no,True
228,0,2,male,-1.0434023912473467,0,0,-0.3168201587648771,S,Second,man,True,Southampton,no,True
229,0,3,female,0.12329691538978338,3,1,0.6251092343477272,S,Third,woman,False,Southampton,no,False
231,0,3,male,0.05357712124048994,0,0,-0.7115983341451588,S,Third,man,True,Southampton,no,True
233,1,3,female,-2.3398327241875174,4,2,1.0724590182312816,S,Third,child,False,Southampton,yes,False
234,0,2,male,-0.4450499298903449,0,0,-0.5057092378941985,S,Second,man,True,Southampton,no,True
235,0,3,female,0.12329691538978338,0,0,-0.7285983512667977,S,Third,woman,False,Southampton,no,True
236,0,2,male,1.5494582746329946,1,0,0.6654030527075941,S,Second,man,True,Southampton,no,False
237,1,2,female,-2.0406564935090166,0,2,0.6842919606205263,S,Second,child,False,Southampton,yes,False
238,0,2,male,-0.9436769810211798,0,0,-0.5057092378941985,S,Second,man,True,Southampton,no,True
239,0,2,male,0.4524787621451578,0,0,-0.3715979917123803,S,Second,man,True,Southampton,no,True
240,0,3,female,0.12329691538978338,1,0,-0.20694715921693344,C,Third,woman,False,Cherbourg,no,False
241,1,3,female,0.12329691538978338,1,0,-0.12793107963555572,Q,Third,woman,False,Queenstown,yes,False
242,0,2,male,0.05357712124048994,0,0,-0.5057092378941985,S,Second,man,True,Southampton,no,True
243,0,3,male,-0.6445007503426788,0,0,-0.7607094947187824,S,Third,man,True,Southampton,no,True
244,0,3,male,0.1533025314666569,0,0,-0.7531539315536095,C,Third,man,True,Cherbourg,no,True
246,0,3,female,-0.34532451966417793,0,0,-0.7115983341451588,S,Third,woman,False,Southampton,no,True
247,1,2,female,-0.4450499298903449,0,2,-0.2034867112872843,S,Second,woman,False,Southampton,yes,False
248,1,1,male,0.8513804030498257,1,1,2.6717224067139247,S,First,man,True,Southampton,yes,False
249,0,2,male,2.5467123768946642,1,0,0.6654030527075941,S,Second,man,True,Southampton,no,False
250,0,3,male,0.12329691538978338,0,0,-0.7512650407623164,S,Third,man,True,Southampton,no,True
251,0,3,female,0.05357712124048994,1,1,-0.5085425740811383,S,Third,woman,False,Southampton,no,False
253,0,3,male,0.1533025314666569,1,0,-0.08259770064451848,S,Third,man,True,Southampton,no,False
254,0,3,female,1.2502820439544935,0,2,0.228124834523215,S,Third,woman,False,Southampton,no,False
255,1,3,female,0.05357712124048994,0,2,-0.1471373212014252,C,Third,woman,False,Cherbourg,yes,False
259,1,2,female,2.1478107359899963,0,1,0.6654030527075941,S,Second,woman,False,Southampton,yes,False
260,0,3,male,0.12329691538978338,0,0,-0.713487224936452,Q,Third,man,True,Queenstown,no,True
261,1,3,male,-2.539283544639851,4,2,1.0724590182312816,S,Third,child,False,Southampton,yes,False
263,0,1,male,1.1505566337283266,0,0,-1.2990433702373483,S,First,man,True,Southampton,no,True
264,0,3,female,0.12329691538978338,0,0,-0.713487224936452,Q,Third,woman,False,Queenstown,no,True
265,0,2,male,0.7516549928236588,0,0,-0.5057092378941985,S,Second,man,True,Southampton,no,True
266,0,3,male,-1.2428532116996807,4,1,1.6995707609406288,S,Third,man,True,Southampton,no,False
267,1,3,male,-0.34532451966417793,1,0,-0.7115983341451588,S,Third,man,True,Southampton,yes,False
270,0,1,male,0.12329691538978338,0,0,1.0431812109662368,S,First,man,True,Southampton,no,True
271,1,3,male,-0.34532451966417793,0,0,-1.2990433702373483,S,Third,man,True,Southampton,yes,True
272,1,2,female,1.2502820439544935,0,1,0.1742914469713585,S,Second,woman,False,Southampton,yes,False
273,0,1,male,0.8513804030498257,0,1,0.9449588898189898,C,First,man,True,Cherbourg,no,False
274,1,3,female,0.12329691538978338,0,0,-0.713487224936452,Q,Third,woman,False,Queenstown,yes,True
276,0,3,female,1.6491836848591614,0,0,-0.713487224936452,S,Third,woman,False,Southampton,no,True
277,0,2,male,0.12329691538978338,0,0,-1.2990433702373483,S,Second,man,True,Southampton,no,True
278,0,3,male,-2.1403819037351832,4,1,0.9015144016192459,Q,Third,child,False,Queenstown,no,False
279,1,3,female,0.6519295825974918,1,1,0.23095817071015493,S,Third,woman,False,Southampton,yes,False
281,0,3,male,-0.046148288985677036,0,0,-0.705614328118342,S,Third,man,True,Southampton,no,True
282,0,3,male,-1.2428532116996807,0,0,-0.581264869545927,S,Third,man,True,Southampton,no,True
283,1,3,male,-0.9436769810211798,0,0,-0.6908205354409335,S,Third,man,True,Southampton,yes,True
284,0,1,male,0.12329691538978338,0,0,0.6654030527075941,S,First,man,True,Southampton,no,True
285,0,3,male,0.4524787621451578,0,0,-0.6445427110542498,C,Third,man,True,Cherbourg,no,True
286,1,3,male,0.1533025314666569,0,0,-0.581264869545927,S,Third,man,True,Southampton,yes,True
287,0,3,male,-0.6445007503426788,0,0,-0.7024712138416299,S,Third,man,True,Southampton,no,True
288,1,2,male,1.3500074541806606,0,0,-0.3168201587648771,S,Second,man,True,Southampton,yes,True
289,1,3,female,-0.6445007503426788,0,0,-0.713487224936452,Q,Third,woman,False,Queenstown,yes,True
292,0,2,male,0.7516549928236588,0,0,-0.32626461272134316,C,Second,man,True,Cherbourg,no,True
293,0,3,female,-0.4450499298903449,0,0,-0.6303760301195507,S,Third,woman,False,Southampton,no,True
294,0,3,male,-0.4450499298903449,0,0,-0.7024712138416299,S,Third,man,True,Southampton,no,True
295,0,1,male,0.12329691538978338,0,0,0.7954191836538886,C,First,man,True,Cherbourg,no,True
296,0,3,male,-0.4949126350034284,0,0,-0.7528365979006724,C,Third,man,True,Cherbourg,no,True
298,1,1,male,0.12329691538978338,0,0,1.0054033951403727,S,First,man,True,Southampton,yes,True
300,1,3,female,0.12329691538978338,0,0,-0.713487224936452,Q,Third,woman,False,Queenstown,yes,True
301,1,3,male,0.12329691538978338,2,0,0.4576250656653406,Q,Third,man,True,Queenstown,yes,False
302,0,3,male,-0.9436769810211798,0,0,-1.2990433702373483,S,Third,man,True,Southampton,no,True
303,1,2,female,0.12329691538978338,0,0,-0.3659313193385007,Q,Second,woman,False,Queenstown,yes,True
304,0,3,male,0.12329691538978338,0,0,-0.6908205354409335,S,Third,man,True,Southampton,no,True
308,0,2,male,0.1533025314666569,1,0,0.514291789404137,C,Second,man,True,Cherbourg,no,False
309,1,1,female,0.1533025314666569,0,0,3.002278295190237,C,First,woman,False,Cherbourg,yes,True
312,0,2,female,-0.24559910943801097,1,1,0.6654030527075941,S,Second,woman,False,Southampton,no,False
313,0,3,male,-0.046148288985677036,0,0,-0.7024712138416299,S,Third,man,True,Southampton,no,True
314,0,2,male,1.4497328644068275,1,1,0.6842919606205263,S,Second,man,True,Southampton,no,False
315,1,3,female,-0.24559910943801097,0,0,-0.705614328118342,S,Third,woman,False,Southampton,yes,True
316,1,2,female,-0.4450499298903449,1,0,0.6654030527075941,S,Second,woman,False,Southampton,yes,False
317,0,2,male,2.5467123768946642,0,0,-0.24126452711314855,S,Second,man,True,Southampton,no,True
320,0,3,male,-0.6445007503426788,0,0,-0.7512650407623164,S,Third,man,True,Southampton,no,True
321,0,3,male,-0.145873699211844,0,0,-0.7024712138416299,S,Third,man,True,Southampton,no,True
322,1,2,female,0.1533025314666569,0,0,-0.3659313193385007,Q,Second,woman,False,Queenstown,yes,True
323,1,2,female,-0.6445007503426788,1,1,0.8920699476627798,S,Second,woman,False,Southampton,yes,False
327,1,2,female,0.7516549928236588,0,0,-0.3168201587648771,S,Second,woman,False,Southampton,yes,True
328,1,3,female,0.2530279416928239,1,1,0.2517359694143802,S,Third,woman,False,Southampton,yes,False
329,1,1,female,-1.2428532116996807,0,1,3.081611708424552,C,First,woman,False,Cherbourg,yes,False
330,1,3,female,0.12329691538978338,2,0,0.4576250656653406,Q,Third,woman,False,Queenstown,yes,False
331,0,1,male,1.699046389972245,0,0,0.8542921318369155,S,First,man,True,Southampton,no,True
333,0,3,male,-1.2428532116996807,2,0,0.06095799949376567,S,Third,man,True,Southampton,no,False
335,0,3,male,0.12329691538978338,0,0,-0.7024712138416299,S,Third,man,True,Southampton,no,True
338,1,3,male,1.6491836848591614,0,0,-0.6908205354409335,S,Third,man,True,Southampton,yes,True
339,0,1,male,1.6491836848591614,0,0,1.3831815533990155,S,First,man,True,Southampton,no,True
342,0,2,male,-0.046148288985677036,0,0,-0.3168201587648771,S,Second,man,True,Southampton,no,True
343,0,2,male,-0.34532451966417793,0,0,-0.3168201587648771,S,Second,man,True,Southampton,no,True
344,0,2,male,0.7516549928236588,0,0,-0.3168201587648771,S,Second,man,True,Southampton,no,True
345,1,2,female,-0.4450499298903449,0,0,-0.3168201587648771,S,Second,woman,False,Southampton,yes,True
346,1,2,female,1.1505566337283266,0,0,-0.3168201587648771,S,Second,woman,False,Southampton,yes,True
347,1,3,female,0.12329691538978338,1,0,-0.08259770064451848,S,Third,woman,False,Southampton,yes,False
348,1,3,male,-2.539283544639851,1,1,-0.09770882697486427,S,Third,child,False,Southampton,yes,False
349,0,3,male,1.3500074541806606,0,0,-0.6445427110542498,S,Third,man,True,Southampton,no,True
350,0,3,male,-0.5447753401165119,0,0,-0.6020426682501524,S,Third,man,True,Southampton,no,True
351,0,1,male,0.12329691538978338,0,0,1.3454037375731511,S,First,man,True,Southampton,no,True
352,0,3,male,-1.3425786219258478,1,1,-0.7528365979006724,C,Third,child,False,Cherbourg,no,False
353,0,3,male,-0.34532451966417793,1,0,0.04584687316342002,S,Third,man,True,Southampton,no,False
354,0,3,male,0.12329691538978338,0,0,-0.7531539315536095,C,Third,man,True,Cherbourg,no,True
355,0,3,male,-0.046148288985677036,0,0,-0.581264869545927,S,Third,man,True,Southampton,no,True
356,1,1,female,-0.6445007503426788,0,1,2.8565163706077223,S,First,woman,False,Southampton,yes,False
357,0,2,female,0.9511058132759926,0,0,-0.3168201587648771,S,Second,woman,False,Southampton,no,True
358,1,3,female,0.12329691538978338,0,0,-0.7037254373270486,Q,Third,woman,False,Queenstown,yes,True
359,1,3,female,0.12329691538978338,0,0,-0.7037254373270486,Q,Third,woman,False,Queenstown,yes,True
360,0,3,male,1.1505566337283266,1,4,0.8089587528458783,S,Third,man,True,Southampton,no,False
361,0,2,male,0.05357712124048994,1,0,0.7954191836538886,C,Second,man,True,Cherbourg,no,False
362,0,3,female,1.6491836848591614,0,1,-0.20694715921693344,C,Third,woman,False,Cherbourg,no,False
363,0,3,male,0.6519295825974918,0,0,-0.766376167092662,S,Third,man,True,Southampton,no,True
364,0,3,male,0.12329691538978338,1,0,-0.12793107963555572,Q,Third,man,True,Queenstown,no,False
365,0,3,male,0.1533025314666569,0,0,-0.7512650407623164,S,Third,man,True,Southampton,no,True
367,1,3,female,0.12329691538978338,0,0,-0.7528365979006724,C,Third,woman,False,Cherbourg,yes,True
368,1,3,female,0.12329691538978338,0,0,-0.713487224936452,Q,Third,woman,False,Queenstown,yes,True
370,1,1,male,-0.34532451966417793,1,0,2.8898892931082907,C,First,man,True,Cherbourg,yes,False
371,0,3,male,-1.0434023912473467,1,0,-0.8082490981540501,S,Third,man,True,Southampton,no,False
372,0,3,male,-0.9436769810211798,0,0,-0.6908205354409335,S,Third,man,True,Southampton,no,True
374,0,3,female,-2.539283544639851,3,1,0.2932915668228309,S,Third,child,False,Southampton,no,False
376,1,3,female,-0.6445007503426788,0,0,-0.7512650407623164,S,Third,woman,False,Southampton,yes,True
378,0,3,male,-0.8439515707950128,0,0,-0.9958763982347876,C,Third,man,True,Cherbourg,no,True
379,0,3,male,-0.9436769810211798,0,0,-0.7115983341451588,S,Third,man,True,Southampton,no,True
382,0,3,male,0.3527533519189909,0,0,-0.7002649893973995,S,Third,man,True,Southampton,no,True
383,1,1,female,0.6519295825974918,1,0,2.6298494756525366,S,First,woman,False,Southampton,yes,False
384,0,3,male,0.12329691538978338,0,0,-0.7024712138416299,S,Third,man,True,Southampton,no,True
387,1,2,female,0.7516549928236588,0,0,-0.3168201587648771,S,Second,woman,False,Southampton,yes,True
388,0,3,male,0.12329691538978338,0,0,-0.7150587820748081,Q,Third,man,True,Queenstown,no,True
389,1,2,female,-1.1431278014735138,0,0,-0.3923757904166057,C,Second,woman,False,Cherbourg,yes,True
391,1,3,male,-0.7442261605688458,0,0,-0.710026777006803,S,Third,man,True,Southampton,yes,True
392,0,3,male,-0.046148288985677036,2,0,-0.7002649893973995,S,Third,man,True,Southampton,no,False
394,1,3,female,-0.4450499298903449,0,2,-0.03726432165348151,S,Third,woman,False,Southampton,yes,False
395,0,3,male,-0.6445007503426788,0,0,-0.710026777006803,S,Third,man,True,Southampton,no,True
396,0,3,female,0.2530279416928239,0,0,-0.705614328118342,S,Third,woman,False,Southampton,no,True
397,0,2,male,1.7489090950853285,0,0,0.6654030527075941,S,Second,man,True,Southampton,no,True
398,0,2,male,-0.5447753401165119,0,0,-0.5057092378941985,S,Second,man,True,Southampton,no,True
399,1,2,female,-0.046148288985677036,0,0,-0.34326462984298206,S,Second,woman,False,Southampton,yes,True
400,1,3,male,1.0508312235021597,0,0,-0.7002649893973995,S,Third,man,True,Southampton,yes,True
401,0,3,male,-0.24559910943801097,0,0,-0.6908205354409335,S,Third,man,True,Southampton,no,True
402,0,3,female,-0.7442261605688458,1,0,-0.5567092892591153,S,Third,woman,False,Southampton,no,False
403,0,3,male,-0.046148288985677036,1,0,-0.10148660855745076,S,Third,man,True,Southampton,no,False
404,0,3,female,-0.8439515707950128,0,0,-0.6445427110542498,S,Third,woman,False,Southampton,no,True
405,0,2,male,0.5522041723713248,1,0,0.28762489444895134,S,Second,man,True,Southampton,no,False
406,0,3,male,2.2475361462161634,0,0,-0.713487224936452,S,Third,man,True,Southampton,no,True
407,1,2,male,-2.539283544639851,1,1,0.1176247232325621,S,Second,child,False,Southampton,yes,False
408,0,3,male,-0.7442261605688458,0,0,-0.7115983341451588,S,Third,man,True,Southampton,no,True
409,0,3,female,0.12329691538978338,3,1,0.6251092343477272,S,Third,woman,False,Southampton,no,False
410,0,3,male,0.12329691538978338,0,0,-0.7024712138416299,S,Third,man,True,Southampton,no,True
411,0,3,male,0.12329691538978338,0,0,-0.7808601816802985,Q,Third,man,True,Queenstown,no,True
413,0,2,male,0.12329691538978338,0,0,-1.2990433702373483,S,Second,man,True,Southampton,no,True
414,1,3,male,1.5494582746329946,0,0,-0.7002649893973995,S,Third,man,True,Southampton,yes,True
415,0,3,female,0.12329691538978338,0,0,-0.6908205354409335,S,Third,woman,False,Southampton,no,True
416,1,2,female,0.5522041723713248,1,1,1.1565146584438297,S,Second,woman,False,Southampton,yes,False
417,1,2,female,-1.0434023912473467,0,2,-0.3168201587648771,S,Second,woman,False,Southampton,yes,False
418,0,2,male,0.1533025314666569,0,0,-0.3168201587648771,S,Second,man,True,Southampton,no,True
419,0,3,female,-1.8412056730566826,0,2,0.5256251341518962,S,Third,child,False,Southampton,no,False
420,0,3,male,0.12329691538978338,0,0,-0.7024712138416299,C,Third,man,True,Cherbourg,no,True
421,0,3,male,-0.7442261605688458,0,0,-0.7147490039850359,Q,Third,man,True,Queenstown,no,True
422,0,3,male,0.05357712124048994,0,0,-0.704042770979986,S,Third,man,True,Southampton,no,True
423,0,3,female,-0.046148288985677036,1,1,-0.2110422744524571,S,Third,woman,False,Southampton,no,False
424,0,3,male,-1.0434023912473467,1,1,0.228124834523215,S,Third,man,True,Southampton,no,False
425,0,3,male,0.12329691538978338,0,0,-0.7512650407623164,S,Third,man,True,Southampton,no,True
426,1,2,female,-0.046148288985677036,1,0,0.6654030527075941,S,Second,woman,False,Southampton,yes,False
427,1,2,female,-0.9436769810211798,0,0,0.6654030527075941,S,Second,woman,False,Southampton,yes,True
428,0,3,male,0.12329691538978338,0,0,-0.713487224936452,Q,Third,man,True,Queenstown,no,True
429,1,3,male,0.3527533519189909,0,0,-0.6908205354409335,S,Third,man,True,Southampton,yes,True
430,1,1,male,-0.046148288985677036,0,0,0.7069586501160449,S,First,man,True,Southampton,yes,True
431,1,3,female,0.12329691538978338,1,0,-0.08259770064451848,S,Third,woman,False,Southampton,yes,False
432,1,2,female,1.3500074541806606,1,0,0.6654030527075941,S,Second,woman,False,Southampton,yes,False
433,0,3,male,-1.1431278014735138,0,0,-0.7607094947187824,S,Third,man,True,Southampton,no,True
434,0,1,male,2.1478107359899963,1,0,2.924516439094278,S,First,man,True,Southampton,no,False
436,0,3,female,-0.7442261605688458,2,2,1.2981814677908208,S,Third,woman,False,Southampton,no,False
437,1,2,female,-0.4450499298903449,2,3,0.1176247232325621,S,Second,woman,False,Southampton,yes,False
439,0,2,male,0.2530279416928239,0,0,-0.5057092378941985,S,Second,man,True,Southampton,no,True
440,1,2,female,1.6491836848591614,1,1,0.6842919606205263,S,Second,woman,False,Southampton,yes,False
441,0,3,male,-0.8439515707950128,0,0,-0.581264869545927,S,Third,man,True,Southampton,no,True
442,0,3,male,-0.34532451966417793,1,0,-0.7115983341451588,S,Third,man,True,Southampton,no,False
443,1,2,female,-0.046148288985677036,0,0,-0.3168201587648771,S,Second,woman,False,Southampton,yes,True
444,1,3,male,0.12329691538978338,0,0,-0.6860983084627004,S,Third,man,True,Southampton,yes,True
446,1,2,female,-1.5420294423781815,0,1,0.1742914469713585,S,Second,child,False,Southampton,yes,False
447,1,1,male,0.5522041723713248,0,0,0.7069586501160449,S,First,man,True,Southampton,yes,True
448,1,3,female,-2.3398327241875174,2,1,0.1560296508011356,C,Third,child,False,Cherbourg,yes,False
449,1,1,male,2.3472615564423305,0,0,1.0054033951403727,S,First,man,True,Southampton,yes,True
450,0,2,male,0.7516549928236588,1,2,0.7976254080981191,S,Second,man,True,Southampton,no,False
451,0,3,male,0.12329691538978338,1,0,0.2095532602632202,S,Third,man,True,Southampton,no,False
452,0,1,male,0.1533025314666569,0,0,0.7976254080981191,C,First,man,True,Cherbourg,no,True
454,0,3,male,0.12329691538978338,0,0,-0.6908205354409335,S,Third,man,True,Southampton,no,True
455,1,3,male,0.05357712124048994,0,0,-0.7024712138416299,C,Third,man,True,Cherbourg,yes,True
457,1,1,female,0.12329691538978338,1,0,2.619460576300424,S,First,woman,False,Southampton,yes,False
458,1,2,female,2.1478107359899963,0,0,-0.5057092378941985,S,Second,woman,False,Southampton,yes,True
459,0,3,male,0.12329691538978338,0,0,-0.713487224936452,Q,Third,man,True,Queenstown,no,True
460,1,1,male,1.9483599155376623,0,0,0.7069586501160449,S,First,man,True,Southampton,yes,True
461,0,3,male,0.5522041723713248,0,0,-0.6908205354409335,S,Third,man,True,Southampton,no,True
462,0,1,male,1.8486345053114954,0,0,1.609848448354201,S,First,man,True,Southampton,no,True
463,0,2,male,1.9483599155376623,0,0,-0.3168201587648771,S,Second,man,True,Southampton,no,True
464,0,3,male,0.12329691538978338,0,0,-0.6908205354409335,S,Third,man,True,Southampton,no,True
465,0,3,male,0.9511058132759926,0,0,-0.766376167092662,S,Third,man,True,Southampton,no,True
466,0,2,male,0.12329691538978338,0,0,-1.2990433702373483,S,Second,man,True,Southampton,no,True
468,0,3,male,0.12329691538978338,0,0,-0.7153761157277453,Q,Third,man,True,Queenstown,no,True
470,0,3,male,0.12329691538978338,0,0,-0.7512650407623164,S,Third,man,True,Southampton,no,True
471,0,3,male,0.9511058132759926,0,0,-0.6445427110542498,S,Third,man,True,Southampton,no,True
472,1,2,female,0.4524787621451578,1,2,0.7976254080981191,S,Second,woman,False,Southampton,yes,False
473,1,2,female,-0.5447753401165119,0,0,-0.2570027651862036,C,Second,woman,False,Cherbourg,yes,True
474,0,3,female,-0.6445007503426788,0,0,-0.5557648438634687,S,Third,woman,False,Southampton,no,True
475,0,1,male,0.12329691538978338,0,0,2.6298494756525366,S,First,man,True,Southampton,no,True
476,0,2,male,0.5522041723713248,1,0,0.28762489444895134,S,Second,man,True,Southampton,no,False
477,0,3,male,0.05357712124048994,1,0,-0.7666935007455993,S,Third,man,True,Southampton,no,False
478,0,3,male,-0.6445007503426788,0,0,-0.7308045757110282,S,Third,man,True,Southampton,no,True
480,0,3,male,-1.9409310832828495,5,2,2.244515754228721,S,Third,child,False,Southampton,no,False
481,0,2,male,0.12329691538978338,0,0,-1.2990433702373483,S,Second,man,True,Southampton,no,True
482,0,3,male,2.1478107359899963,0,0,-0.6908205354409335,S,Third,man,True,Southampton,no,True
485,0,3,female,0.12329691538978338,3,1,0.6251092343477272,S,Third,woman,False,Southampton,no,False
488,0,3,male,0.1533025314666569,0,0,-0.6908205354409335,S,Third,man,True,Southampton,no,True
489,1,3,male,-1.9409310832828495,1,1,-0.09770882697486427,S,Third,child,False,Southampton,yes,False
490,0,3,male,0.12329691538978338,1,0,0.2095532602632202,S,Third,man,True,Southampton,no,False
491,0,3,male,-0.7442261605688458,0,0,-0.7512650407623164,S,Third,man,True,Southampton,no,True
494,0,3,male,-0.7442261605688458,0,0,-0.6908205354409335,S,Third,man,True,Southampton,no,True
495,0,3,male,0.12329691538978338,0,0,-0.2066373811271614,C,Third,man,True,Cherbourg,no,True
497,0,3,male,0.12329691538978338,0,0,-0.15815333229624717,S,Third,man,True,Southampton,no,True
499,0,3,male,-0.4450499298903449,0,0,-0.710026777006803,S,Third,man,True,Southampton,no,True
500,0,3,male,-1.1431278014735138,0,0,-0.6445427110542498,S,Third,man,True,Southampton,no,True
501,0,3,female,-0.7442261605688458,0,0,-0.713487224936452,Q,Third,woman,False,Queenstown,no,True
502,0,3,female,0.12329691538978338,0,0,-0.7226143452399808,Q,Third,woman,False,Queenstown,no,True
503,0,3,female,0.8513804030498257,0,0,-0.5746537517764008,S,Third,woman,False,Southampton,no,True
506,1,2,female,0.4524787621451578,0,2,0.6654030527075941,S,Second,woman,False,Southampton,yes,False
507,1,1,male,0.12329691538978338,0,0,0.7069586501160449,S,First,man,True,Southampton,yes,True
508,0,3,male,-0.046148288985677036,0,0,0.4028472327178373,S,Third,man,True,Southampton,no,True
509,1,3,male,-0.24559910943801097,0,0,2.9695324844323783,S,Third,man,True,Southampton,yes,True
510,1,3,male,0.05357712124048994,0,0,-0.713487224936452,Q,Third,man,True,Queenstown,yes,True
511,0,3,male,0.12329691538978338,0,0,-0.6908205354409335,S,Third,man,True,Southampton,no,True
512,1,1,male,0.7516549928236588,0,0,0.6871252968074663,S,First,man,True,Southampton,yes,True
513,1,1,female,2.5467123768946642,1,0,3.188961149875328,C,First,woman,False,Cherbourg,yes,False
514,0,3,male,-0.4450499298903449,0,0,-0.7326934665023215,S,Third,man,True,Southampton,no,True
515,0,1,male,1.8486345053114954,0,0,1.2714196630597787,S,First,man,True,Southampton,no,True
516,1,2,female,0.5522041723713248,0,0,-0.5057092378941985,S,Second,woman,False,Southampton,yes,True
517,0,3,male,0.12329691538978338,0,0,0.5256251341518962,Q,Third,man,True,Queenstown,no,True
518,1,2,female,0.7516549928236588,1,0,0.6654030527075941,S,Second,woman,False,Southampton,yes,False
519,0,3,male,0.3527533519189909,0,0,-0.7024712138416299,S,Third,man,True,Southampton,no,True
521,0,3,male,-0.6445007503426788,0,0,-0.7024712138416299,S,Third,man,True,Southampton,no,True
522,0,3,male,0.12329691538978338,0,0,-0.7531539315536095,C,Third,man,True,Cherbourg,no,True
523,1,1,female,1.5494582746329946,0,1,3.081611708424552,C,First,woman,False,Cherbourg,yes,False
524,0,3,male,0.12329691538978338,0,0,-0.7528365979006724,C,Third,man,True,Cherbourg,no,True
525,0,3,male,1.2004193388414102,0,0,-0.713487224936452,Q,Third,man,True,Queenstown,no,True
526,1,2,female,2.1478107359899963,0,0,-0.5057092378941985,S,Second,woman,False,Southampton,yes,True
528,0,3,male,1.0508312235021597,0,0,-0.7002649893973995,S,Third,man,True,Southampton,no,True
529,0,2,male,-0.5447753401165119,2,1,-0.43015360624246995,S,Second,man,True,Southampton,no,False
531,0,3,male,0.12329691538978338,0,0,-0.7528365979006724,C,Third,man,True,Cherbourg,no,True
532,0,3,male,-1.1431278014735138,1,1,-0.7528365979006724,C,Third,man,True,Cherbourg,no,False
533,1,3,female,0.12329691538978338,0,2,0.39025210892149426,C,Third,woman,False,Cherbourg,yes,False
534,0,3,female,0.1533025314666569,0,0,-0.6445427110542498,S,Third,woman,False,Southampton,no,True
535,1,2,female,-2.1403819037351832,0,2,0.6842919606205263,S,Second,child,False,Southampton,yes,False
536,0,1,male,1.6491836848591614,0,0,0.7069586501160449,S,First,man,True,Southampton,no,True
538,0,3,male,0.12329691538978338,0,0,-0.2034867112872843,S,Third,man,True,Southampton,no,True
539,1,1,female,-0.6445007503426788,0,2,2.440960396523215,C,First,woman,False,Cherbourg,yes,False
541,0,3,female,-1.9409310832828495,4,2,1.063959009670462,S,Third,child,False,Southampton,no,False
542,0,3,female,-1.7414802628305155,4,2,1.063959009670462,S,Third,child,False,Southampton,no,False
543,1,2,male,0.3527533519189909,1,0,0.6654030527075941,S,Second,man,True,Southampton,yes,False
546,1,2,female,-0.9436769810211798,1,0,0.6654030527075941,S,Second,woman,False,Southampton,yes,False
547,1,2,male,0.12329691538978338,0,0,-0.2516534264652612,C,Second,man,True,Cherbourg,yes,True
548,0,3,male,0.4524787621451578,1,1,0.2517359694143802,S,Third,man,True,Southampton,no,False
549,1,2,male,-2.0406564935090166,1,1,1.4776260929636762,S,Second,child,False,Southampton,yes,False
551,0,2,male,-0.145873699211844,0,0,0.6654030527075941,S,Second,man,True,Southampton,no,True
552,0,3,male,0.12329691538978338,0,0,-0.7075032189096352,Q,Third,man,True,Queenstown,no,True
553,1,3,male,-0.6445007503426788,0,0,-0.7531539315536095,C,Third,man,True,Cherbourg,yes,True
554,1,3,female,-0.6445007503426788,0,0,-0.7115983341451588,S,Third,woman,False,Southampton,yes,True
556,1,1,female,1.9483599155376623,1,0,1.6929596431711027,C,First,woman,False,Cherbourg,yes,False
559,1,3,female,0.7516549928236588,1,0,0.015624620502728429,S,Third,woman,False,Southampton,yes,False
560,0,3,male,0.12329691538978338,0,0,-0.713487224936452,Q,Third,man,True,Queenstown,no,True
561,0,3,male,1.1505566337283266,0,0,-0.7024712138416299,S,Third,man,True,Southampton,no,True
562,0,2,male,-0.046148288985677036,0,0,-0.27904234293901287,S,Second,man,True,Southampton,no,True
563,0,3,male,0.12329691538978338,0,0,-0.6908205354409335,S,Third,man,True,Southampton,no,True
564,0,3,female,0.12329691538978338,0,0,-0.6908205354409335,S,Third,woman,False,Southampton,no,True
565,0,3,male,-0.4450499298903449,2,0,0.5256251341518962,S,Third,man,True,Southampton,no,False
566,0,3,male,-0.9436769810211798,0,0,-0.7024712138416299,S,Third,man,True,Southampton,no,True
567,0,3,female,0.05357712124048994,0,4,0.2932915668228309,S,Third,woman,False,Southampton,no,False
568,0,3,male,0.12329691538978338,0,0,-0.7528365979006724,C,Third,man,True,Cherbourg,no,True
569,1,3,male,0.3527533519189909,0,0,-0.705614328118342,S,Third,man,True,Southampton,yes,True
571,1,1,female,2.446986966668497,2,0,2.590500102688316,S,First,woman,False,Southampton,yes,False
572,1,1,male,0.7516549928236588,0,0,0.694680859972639,S,First,man,True,Southampton,yes,True
573,1,3,female,0.12329691538978338,0,0,-0.713487224936452,Q,Third,woman,False,Queenstown,yes,True
574,0,3,male,-1.2428532116996807,0,0,-0.6908205354409335,S,Third,man,True,Southampton,no,True
575,0,3,male,-0.9436769810211798,0,0,-0.2034867112872843,S,Third,man,True,Southampton,no,True
576,1,2,female,0.5522041723713248,0,0,-0.3168201587648771,S,Second,woman,False,Southampton,yes,True
577,1,1,female,1.0508312235021597,1,0,2.924516439094278,S,First,woman,False,Southampton,yes,False
578,0,3,female,0.12329691538978338,1,0,-0.2066373811271614,C,Third,woman,False,Cherbourg,no,False
579,1,3,male,0.3527533519189909,0,0,-0.7002649893973995,S,Third,man,True,Southampton,yes,True
580,1,2,female,-0.34532451966417793,1,1,0.9676255793145083,S,Second,woman,False,Southampton,yes,False
582,0,2,male,2.5467123768946642,0,0,0.6654030527075941,S,Second,man,True,Southampton,no,True
583,0,1,male,0.7516549928236588,0,0,1.73262634978826,C,First,man,True,Cherbourg,no,True
584,0,3,male,0.12329691538978338,0,0,-0.6407649294716633,C,Third,man,True,Cherbourg,no,True
586,0,2,male,1.8486345053114954,0,0,-0.16570889546142,S,Second,man,True,Southampton,no,True
588,0,3,male,-0.6445007503426788,0,0,-0.6908205354409335,S,Third,man,True,Southampton,no,True
589,0,3,male,0.12329691538978338,0,0,-0.6908205354409335,S,Third,man,True,Southampton,no,True
590,0,3,male,0.6519295825974918,0,0,-0.7607094947187824,S,Third,man,True,Southampton,no,True
592,0,3,male,1.8486345053114954,0,0,-0.7512650407623164,S,Third,man,True,Southampton,no,True
593,0,3,female,0.12329691538978338,0,2,-0.713487224936452,Q,Third,woman,False,Queenstown,no,False
594,0,2,male,0.8513804030498257,1,0,0.6654030527075941,S,Second,man,True,Southampton,no,False
595,0,3,male,0.7516549928236588,1,1,0.5256251341518962,S,Third,man,True,Southampton,no,False
596,1,2,female,0.12329691538978338,0,0,1.194292474269694,S,Second,woman,False,Southampton,yes,True
597,0,3,male,2.048085325763829,0,0,-1.2990433702373483,S,Third,man,True,Southampton,no,True
598,0,3,male,0.12329691538978338,0,0,-0.7531539315536095,C,Third,man,True,Cherbourg,no,True
599,1,1,male,2.048085325763829,1,0,3.002278295190237,C,First,man,True,Cherbourg,yes,False
600,1,2,female,-0.4450499298903449,2,1,0.7409586843593227,S,Second,woman,False,Southampton,yes,False
601,0,3,male,0.12329691538978338,0,0,-0.7024712138416299,S,Third,man,True,Southampton,no,True
602,0,1,male,0.12329691538978338,0,0,1.9045154117959424,S,First,man,True,Southampton,no,True
603,0,3,male,1.5494582746329946,0,0,-0.6908205354409335,S,Third,man,True,Southampton,no,True
604,1,1,male,0.6519295825974918,0,0,0.7069586501160449,C,First,man,True,Cherbourg,yes,True
605,0,3,male,0.7516549928236588,1,0,-0.12415329805296924,S,Third,man,True,Southampton,no,False
606,0,3,male,0.1533025314666569,0,0,-0.7024712138416299,S,Third,man,True,Southampton,no,True
607,1,1,male,-0.145873699211844,0,0,1.0054033951403727,S,First,man,True,Southampton,yes,True
608,1,2,female,-0.6445007503426788,1,2,1.8424993493362036,C,Second,woman,False,Cherbourg,yes,False
610,0,3,female,1.0508312235021597,1,5,1.063959009670462,S,Third,woman,False,Southampton,no,False
611,0,3,male,0.12329691538978338,0,0,-0.766376167092662,S,Third,man,True,Southampton,no,True
612,1,3,female,0.12329691538978338,1,0,-0.12793107963555572,Q,Third,woman,False,Queenstown,yes,False
613,0,3,male,0.12329691538978338,0,0,-0.713487224936452,Q,Third,man,True,Queenstown,no,True
614,0,3,male,0.6519295825974918,0,0,-0.6908205354409335,S,Third,man,True,Southampton,no,True
616,0,3,male,0.5522041723713248,1,1,-0.2110422744524571,S,Third,man,True,Southampton,no,False
617,0,3,female,-0.24559910943801097,1,0,-0.08259770064451848,S,Third,woman,False,Southampton,no,False
618,1,2,female,-2.4395581344136845,2,1,1.6476262641800654,S,Second,child,False,Southampton,yes,False
619,0,2,male,-0.24559910943801097,0,0,-0.5057092378941985,S,Second,man,True,Southampton,no,True
620,0,3,male,-0.145873699211844,1,0,-0.20694715921693344,C,Third,man,True,Cherbourg,no,False
621,1,1,male,1.3500074541806606,1,0,2.6717224067139247,S,First,man,True,Southampton,yes,False
622,1,3,male,-0.8439515707950128,1,1,-0.10966928346533295,C,Third,man,True,Cherbourg,yes,False
623,0,3,male,-0.7442261605688458,0,0,-0.705614328118342,S,Third,man,True,Southampton,no,True
624,0,3,male,-0.7442261605688458,0,0,-0.08259770064451848,S,Third,man,True,Southampton,no,True
628,0,3,male,-0.24559910943801097,0,0,-0.7024712138416299,S,Third,man,True,Southampton,no,True
629,0,3,male,0.12329691538978338,0,0,-0.7147490039850359,Q,Third,man,True,Queenstown,no,True
631,0,3,male,2.2475361462161634,0,0,-0.7660588334397248,S,Third,man,True,Southampton,no,True
632,1,1,male,0.3527533519189909,0,0,1.0054033951403727,C,First,man,True,Cherbourg,yes,True
633,0,1,male,0.12329691538978338,0,0,-1.2990433702373483,S,First,man,True,Southampton,no,True
634,0,3,female,-1.9409310832828495,3,2,0.8089587528458783,S,Third,child,False,Southampton,no,False
635,1,2,female,-0.046148288985677036,0,0,-0.3168201587648771,S,Second,woman,False,Southampton,yes,True
636,0,3,male,0.3527533519189909,0,0,-0.7002649893973995,S,Third,man,True,Southampton,no,True
637,0,2,male,0.2530279416928239,1,1,0.6842919606205263,S,Second,man,True,Southampton,no,False
638,0,3,female,1.2502820439544935,0,5,1.6995707609406288,S,Third,woman,False,Southampton,no,False
639,0,3,male,0.12329691538978338,1,0,-0.08259770064451848,S,Third,man,True,Southampton,no,False
640,0,3,male,-0.8439515707950128,0,0,-0.705614328118342,S,Third,man,True,Southampton,no,True
643,1,3,male,0.12329691538978338,0,0,2.9695324844323783,S,Third,man,True,Southampton,yes,True
646,0,3,male,-0.9436769810211798,0,0,-0.7024712138416299,S,Third,man,True,Southampton,no,True
648,0,3,male,0.12329691538978338,0,0,-0.7285983512667977,S,Third,man,True,Southampton,no,True
649,1,3,female,-0.5447753401165119,0,0,-0.7285983512667977,S,Third,woman,False,Southampton,yes,True
650,0,3,male,0.12329691538978338,0,0,-0.7024712138416299,S,Third,man,True,Southampton,no,True
651,1,2,female,-1.0434023912473467,0,1,0.4387361577524085,S,Second,woman,False,Southampton,yes,False
652,0,3,male,-0.7442261605688458,0,0,-0.661860061828826,S,Third,man,True,Southampton,no,True
653,1,3,female,0.12329691538978338,0,0,-0.7075032189096352,Q,Third,woman,False,Queenstown,yes,True
654,0,3,female,-1.0434023912473467,0,0,-0.7890428565881806,Q,Third,woman,False,Queenstown,no,True
656,0,3,male,0.12329691538978338,0,0,-0.7024712138416299,S,Third,man,True,Southampton,no,True
657,0,3,female,0.3527533519189909,1,1,-0.12793107963555572,Q,Third,woman,False,Queenstown,no,False
658,0,2,male,-0.5447753401165119,0,0,-0.3168201587648771,S,Second,man,True,Southampton,no,True
661,0,3,male,1.1505566337283266,0,0,-0.7531539315536095,C,Third,man,True,Cherbourg,no,True
662,0,1,male,1.8486345053114954,0,0,0.634236354651256,S,First,man,True,Southampton,no,True
663,0,3,male,0.7516549928236588,0,0,-0.7326934665023215,S,Third,man,True,Southampton,no,True
664,1,3,male,-0.8439515707950128,1,0,-0.7002649893973995,S,Third,man,True,Southampton,yes,False
666,0,2,male,-0.34532451966417793,0,0,-0.3168201587648771,S,Second,man,True,Southampton,no,True
667,0,3,male,0.12329691538978338,0,0,-0.7115983341451588,S,Third,man,True,Southampton,no,True
668,0,3,male,1.4497328644068275,0,0,-0.6908205354409335,S,Third,man,True,Southampton,no,True
669,1,1,female,0.12329691538978338,1,0,2.6298494756525366,S,First,woman,False,Southampton,yes,False
670,1,2,female,1.1505566337283266,1,1,1.6476262641800654,S,Second,woman,False,Southampton,yes,False
671,0,1,male,0.2530279416928239,1,0,2.6298494756525366,S,First,man,True,Southampton,no,False
673,1,2,male,0.2530279416928239,0,0,-0.3168201587648771,S,Second,man,True,Southampton,yes,True
674,0,2,male,0.12329691538978338,0,0,-1.2990433702373483,S,Second,man,True,Southampton,no,True
675,0,3,male,-1.0434023912473467,0,0,-0.7115983341451588,S,Third,man,True,Southampton,no,True
676,0,3,male,-0.3951872247772614,0,0,-0.6908205354409335,S,Third,man,True,Southampton,no,True
677,1,3,female,-1.0434023912473467,0,0,-0.5554475102105315,S,Third,woman,False,Southampton,yes,True
678,0,3,female,1.4497328644068275,1,6,2.244515754228721,S,Third,woman,False,Southampton,no,False
680,0,3,female,0.12329691538978338,0,0,-0.6842094176714073,Q,Third,woman,False,Queenstown,no,True
682,0,3,male,-0.8439515707950128,0,0,-0.6020426682501524,S,Third,man,True,Southampton,no,True
683,0,3,male,-1.4423040321520146,5,2,2.244515754228721,S,Third,child,False,Southampton,no,False
685,0,2,male,-0.34532451966417793,1,2,1.8424993493362036,C,Second,man,True,Cherbourg,no,False
686,0,3,male,-1.4423040321520146,4,1,1.6995707609406288,S,Third,child,False,Southampton,no,False
687,0,3,male,-0.9436769810211798,0,0,-0.5305821518339475,S,Third,man,True,Southampton,no,True
688,0,3,male,-1.0434023912473467,0,0,-0.710026777006803,S,Third,man,True,Southampton,no,True
690,1,1,male,0.2530279416928239,1,0,3.0076276339111794,S,First,man,True,Southampton,yes,False
691,1,3,female,-2.4395581344136845,0,1,-0.2853361270556018,C,Third,child,False,Cherbourg,yes,False
692,1,3,male,0.12329691538978338,0,0,2.9695324844323783,S,Third,man,True,Southampton,yes,True
693,0,3,male,-0.34532451966417793,0,0,-0.7531539315536095,C,Third,man,True,Cherbourg,no,True
695,0,2,male,2.3472615564423305,0,0,-0.27904234293901287,S,Second,man,True,Southampton,no,True
696,0,3,male,1.5494582746329946,0,0,-0.6908205354409335,S,Third,man,True,Southampton,no,True
697,1,3,female,0.12329691538978338,0,0,-0.7147490039850359,Q,Third,woman,False,Queenstown,yes,True
699,0,3,male,1.3500074541806606,0,0,-0.7210427881016249,S,Third,man,True,Southampton,no,True
701,1,1,male,0.6519295825974918,0,0,0.6871252968074663,S,First,man,True,Southampton,yes,True
702,0,3,female,-1.0434023912473467,0,1,-0.20694715921693344,C,Third,woman,False,Cherbourg,no,False
703,0,3,male,-0.34532451966417793,0,0,-0.7141143366791615,Q,Third,man,True,Queenstown,no,True
704,0,3,male,-0.24559910943801097,1,0,-0.705614328118342,S,Third,man,True,Southampton,no,False
705,0,2,male,1.0508312235021597,0,0,0.6654030527075941,S,Second,man,True,Southampton,no,True
706,1,2,female,1.6491836848591614,0,0,-0.27904234293901287,S,Second,woman,False,Southampton,yes,True
707,1,1,male,1.3500074541806606,0,0,0.6871252968074663,S,First,man,True,Southampton,yes,True
709,1,3,male,0.12329691538978338,1,1,-0.1471373212014252,C,Third,man,True,Cherbourg,yes,False
710,1,1,female,-0.4450499298903449,0,0,2.4412777301761523,C,First,woman,False,Cherbourg,yes,True
711,0,1,male,0.12329691538978338,0,0,0.7069586501160449,S,First,man,True,Southampton,no,True
712,1,1,male,1.9483599155376623,1,0,2.6298494756525366,S,First,man,True,Southampton,yes,False
713,0,3,male,0.05357712124048994,0,0,-0.582526648594511,S,Third,man,True,Southampton,no,True
714,0,2,male,2.3472615564423305,0,0,-0.3168201587648771,S,Second,man,True,Southampton,no,True
715,0,3,male,-0.9436769810211798,0,0,-0.7210427881016249,S,Third,man,True,Southampton,no,True
717,1,2,female,-0.145873699211844,0,0,-0.5057092378941985,S,Second,woman,False,Southampton,yes,True
718,0,3,male,0.12329691538978338,0,0,-0.12793107963555572,Q,Third,man,True,Queenstown,no,True
719,0,3,male,0.4524787621451578,0,0,-0.7115983341451588,S,Third,man,True,Southampton,no,True
720,1,2,female,-2.2401073139613503,0,1,1.194292474269694,S,Second,child,False,Southampton,yes,False
721,0,3,male,-1.1431278014735138,1,0,-0.7660588334397248,S,Third,man,True,Southampton,no,False
722,0,2,male,0.5522041723713248,0,0,-0.3168201587648771,S,Second,man,True,Southampton,no,True
723,0,2,male,2.1478107359899963,0,0,-0.3168201587648771,S,Second,man,True,Southampton,no,True
724,1,1,male,-0.145873699211844,1,0,2.712960670469438,S,First,man,True,Southampton,yes,False
725,0,3,male,-0.8439515707950128,0,0,-0.6445427110542498,S,Third,man,True,Southampton,no,True
726,1,2,female,0.1533025314666569,3,0,0.28762489444895134,S,Second,woman,False,Southampton,yes,False
727,1,3,female,0.12329691538978338,0,0,-0.7144316703320986,Q,Third,woman,False,Queenstown,yes,True
728,0,2,male,-0.34532451966417793,1,0,0.6654030527075941,S,Second,man,True,Southampton,no,False
729,0,3,female,-0.34532451966417793,1,0,-0.7002649893973995,S,Third,woman,False,Southampton,no,False
731,0,3,male,-1.7414802628305155,0,0,0.12045805941950202,C,Third,child,False,Cherbourg,no,True
732,0,2,male,0.12329691538978338,0,0,-1.2990433702373483,S,Second,man,True,Southampton,no,True
733,0,2,male,-0.5447753401165119,0,0,-0.3168201587648771,S,Second,man,True,Southampton,no,True
734,0,2,male,-0.5447753401165119,0,0,-0.3168201587648771,S,Second,man,True,Southampton,no,True
735,0,3,male,0.0037144161274064503,0,0,-0.08259770064451848,S,Third,man,True,Southampton,no,True
736,0,3,female,1.9483599155376623,1,3,1.2981814677908208,S,Third,woman,False,Southampton,no,False
738,0,3,male,0.12329691538978338,0,0,-0.7024712138416299,S,Third,man,True,Southampton,no,True
739,0,3,male,0.12329691538978338,0,0,-0.7024712138416299,S,Third,man,True,Southampton,no,True
740,1,1,male,0.12329691538978338,0,0,0.9676255793145083,S,First,man,True,Southampton,yes,True
743,0,3,male,-0.4450499298903449,1,0,-0.08259770064451848,S,Third,man,True,Southampton,no,False
744,1,3,male,0.2530279416928239,0,0,-0.7002649893973995,S,Third,man,True,Southampton,yes,True
746,0,3,male,-1.2428532116996807,1,1,0.23095817071015493,S,Third,man,True,Southampton,no,False
747,1,2,female,0.1533025314666569,0,0,-0.3168201587648771,S,Second,woman,False,Southampton,yes,True
748,0,1,male,-0.9436769810211798,1,0,2.712960670469438,S,First,man,True,Southampton,no,False
749,0,3,male,0.2530279416928239,0,0,-0.713487224936452,Q,Third,man,True,Queenstown,no,True
750,1,2,female,-2.4395581344136845,1,1,0.4387361577524085,S,Second,child,False,Southampton,yes,False
751,1,3,male,-2.2401073139613503,0,1,-0.3564868653820346,S,Third,child,False,Southampton,yes,False
752,0,3,male,0.4524787621451578,0,0,-0.581264869545927,S,Third,man,True,Southampton,no,True
753,0,3,male,-0.5447753401165119,0,0,-0.7024712138416299,S,Third,man,True,Southampton,no,True
756,0,3,male,-0.046148288985677036,0,0,-0.710026777006803,S,Third,man,True,Southampton,no,True
757,0,2,male,-1.0434023912473467,0,0,-0.43015360624246995,S,Second,man,True,Southampton,no,True
758,0,3,male,0.5522041723713248,0,0,-0.6908205354409335,S,Third,man,True,Southampton,no,True
760,0,3,male,0.12329691538978338,0,0,-0.2034867112872843,S,Third,man,True,Southampton,no,True
761,0,3,male,1.2502820439544935,0,0,-0.7607094947187824,S,Third,man,True,Southampton,no,True
762,1,3,male,-0.8439515707950128,0,0,-0.7528365979006724,C,Third,man,True,Cherbourg,yes,True
764,0,3,male,-1.2428532116996807,0,0,-0.7115983341451588,S,Third,man,True,Southampton,no,True
766,0,1,male,0.12329691538978338,0,0,1.6929596431711027,C,First,man,True,Cherbourg,no,True
767,0,3,female,0.2031652365797404,0,0,-0.713487224936452,Q,Third,woman,False,Queenstown,no,True
768,0,3,male,0.12329691538978338,1,0,0.5256251341518962,Q,Third,man,True,Queenstown,no,False
769,0,3,male,0.3527533519189909,0,0,-0.6672094005497683,S,Third,man,True,Southampton,no,True
770,0,3,male,-0.4450499298903449,0,0,-0.581264869545927,S,Third,man,True,Southampton,no,True
771,0,3,male,1.9483599155376623,0,0,-0.705614328118342,S,Third,man,True,Southampton,no,True
773,0,3,male,0.12329691538978338,0,0,-0.7531539315536095,C,Third,man,True,Cherbourg,no,True
774,1,2,female,2.5467123768946642,1,3,0.4387361577524085,S,Second,woman,False,Southampton,yes,False
775,0,3,male,-1.0434023912473467,0,0,-0.713487224936452,S,Third,man,True,Southampton,no,True
776,0,3,male,0.12329691538978338,0,0,-0.713487224936452,Q,Third,man,True,Queenstown,no,True
777,1,3,female,-2.3398327241875174,0,0,-0.3564868653820346,S,Third,child,False,Southampton,yes,True
778,0,3,male,0.12329691538978338,0,0,-0.7144316703320986,Q,Third,man,True,Queenstown,no,True
780,1,3,female,-1.5420294423781815,0,0,-0.7528365979006724,C,Third,child,False,Cherbourg,yes,True
781,1,1,female,-1.1431278014735138,1,0,3.0076276339111794,S,First,woman,False,Southampton,yes,False
782,0,1,male,0.05357712124048994,0,0,0.9676255793145083,S,First,man,True,Southampton,no,True
783,0,3,male,0.12329691538978338,1,2,0.4727361919956863,S,Third,man,True,Southampton,no,False
784,0,3,male,-0.34532451966417793,0,0,-0.766376167092662,S,Third,man,True,Southampton,no,True
785,0,3,male,-0.34532451966417793,0,0,-0.7512650407623164,S,Third,man,True,Southampton,no,True
786,1,3,female,-1.0434023912473467,0,0,-0.7326934665023215,S,Third,woman,False,Southampton,yes,True
787,0,3,male,-2.0406564935090166,4,1,0.9015144016192459,Q,Third,child,False,Queenstown,no,False
790,0,3,male,0.12329691538978338,0,0,-0.713487224936452,Q,Third,man,True,Queenstown,no,True
791,0,2,male,-1.2428532116996807,0,0,0.6654030527075941,S,Second,man,True,Southampton,no,True
793,0,1,male,0.12329691538978338,0,0,1.020197187817781,C,First,man,True,Cherbourg,no,True
794,0,3,male,-0.34532451966417793,0,0,-0.7024712138416299,S,Third,man,True,Southampton,no,True
795,0,2,male,1.0508312235021597,0,0,-0.3168201587648771,S,Second,man,True,Southampton,no,True
796,1,1,female,2.048085325763829,0,0,0.6600537139866519,S,First,woman,False,Southampton,yes,True
797,1,3,female,0.2530279416928239,0,0,-0.6429711539158939,S,Third,woman,False,Southampton,yes,True
798,0,3,male,0.1533025314666569,0,0,-0.7528365979006724,C,Third,man,True,Cherbourg,no,True
799,0,3,female,0.1533025314666569,1,1,0.5256251341518962,S,Third,woman,False,Southampton,no,False
800,0,2,male,0.5522041723713248,0,0,-0.3168201587648771,S,Second,man,True,Southampton,no,True
801,1,2,female,0.2530279416928239,1,1,0.6842919606205263,S,Second,woman,False,Southampton,yes,False
804,1,3,male,-0.145873699211844,0,0,-0.7720428394665417,S,Third,man,True,Southampton,yes,True
805,0,3,male,0.2530279416928239,0,0,-0.7115983341451588,S,Third,man,True,Southampton,no,True
806,0,1,male,1.0508312235021597,0,0,-1.2990433702373483,S,First,man,True,Southampton,no,True
807,0,3,female,-1.0434023912473467,0,0,-0.7115983341451588,S,Third,woman,False,Southampton,no,True
808,0,2,male,1.0508312235021597,0,0,-0.3168201587648771,S,Second,man,True,Southampton,no,True
809,1,1,female,0.4524787621451578,1,0,2.712960670469438,S,First,woman,False,Southampton,yes,False
810,0,3,male,-0.24559910943801097,0,0,-0.7030983255843394,S,Third,man,True,Southampton,no,True
811,0,3,male,1.0508312235021597,0,0,0.5256251341518962,S,Third,man,True,Southampton,no,True
812,0,2,male,0.6519295825974918,0,0,-0.5057092378941985,S,Second,man,True,Southampton,no,True
813,0,3,female,-2.2401073139613503,4,2,1.063959009670462,S,Third,child,False,Southampton,no,False
814,0,3,male,0.2031652365797404,0,0,-0.6908205354409335,S,Third,man,True,Southampton,no,True
815,0,1,male,0.12329691538978338,0,0,-1.2990433702373483,S,First,man,True,Southampton,no,True
816,0,3,female,-0.5447753401165119,0,0,-0.7002649893973995,S,Third,woman,False,Southampton,no,True
817,0,2,male,0.2530279416928239,1,1,1.4968323345295453,C,Second,man,True,Cherbourg,no,False
818,0,3,male,1.4497328644068275,0,0,-0.8117095460836993,S,Third,man,True,Southampton,no,True
819,0,3,male,-1.8412056730566826,3,2,0.8089587528458783,S,Third,child,False,Southampton,no,False
821,1,3,male,-0.145873699211844,0,0,-0.6445427110542498,S,Third,man,True,Southampton,yes,True
822,0,1,male,0.9511058132759926,0,0,-1.2990433702373483,S,First,man,True,Southampton,no,True
823,1,3,female,-0.145873699211844,0,1,-0.3564868653820346,S,Third,woman,False,Southampton,yes,False
825,0,3,male,0.12329691538978338,0,0,-0.7739317302578349,Q,Third,man,True,Queenstown,no,True
826,0,3,male,0.12329691538978338,0,0,2.9695324844323783,S,Third,man,True,Southampton,no,True
828,1,3,male,0.12329691538978338,0,0,-0.713487224936452,Q,Third,man,True,Queenstown,yes,True
830,1,3,female,-1.3425786219258478,1,0,-0.20694715921693344,C,Third,child,False,Cherbourg,yes,False
832,0,3,male,0.12329691538978338,0,0,-0.7528365979006724,C,Third,man,True,Cherbourg,no,True
833,0,3,male,-0.5447753401165119,0,0,-0.705614328118342,S,Third,man,True,Southampton,no,True
834,0,3,male,-1.0434023912473467,0,0,-0.6719316275280013,S,Third,man,True,Southampton,no,True
836,0,3,male,-0.7442261605688458,0,0,-0.6445427110542498,S,Third,man,True,Southampton,no,True
837,0,3,male,0.12329691538978338,0,0,-0.6908205354409335,S,Third,man,True,Southampton,no,True
838,1,3,male,0.3527533519189909,0,0,2.9695324844323783,S,Third,man,True,Southampton,yes,True
839,1,1,male,0.12329691538978338,0,0,0.9449588898189898,C,First,man,True,Cherbourg,yes,True
840,0,3,male,-0.8439515707950128,0,0,-0.7002649893973995,S,Third,man,True,Southampton,no,True
841,0,2,male,-1.2428532116996807,0,0,-0.5057092378941985,S,Second,man,True,Southampton,no,True
842,1,1,female,0.1533025314666569,0,0,1.0431812109662368,C,First,woman,False,Cherbourg,yes,True
843,0,3,male,0.6020668774844082,0,0,-0.8126539914793458,C,Third,man,True,Cherbourg,no,True
844,0,3,male,-1.1431278014735138,0,0,-0.6445427110542498,S,Third,man,True,Southampton,no,True
845,0,3,male,1.3500074541806606,0,0,-0.7285983512667977,S,Third,man,True,Southampton,no,True
847,0,3,male,0.6519295825974918,0,0,-0.7024712138416299,C,Third,man,True,Cherbourg,no,True
848,0,2,male,-0.046148288985677036,0,1,1.194292474269694,S,Second,man,True,Southampton,no,False
850,0,3,male,-2.4395581344136845,4,2,1.063959009670462,S,Third,child,False,Southampton,no,False
852,0,3,female,-1.9409310832828495,1,1,-0.1471373212014252,C,Third,child,False,Cherbourg,no,False
853,1,1,female,-1.2428532116996807,0,1,1.6778485168407566,S,First,woman,False,Southampton,yes,False
854,0,2,female,1.5494582746329946,1,0,0.6654030527075941,S,Second,woman,False,Southampton,no,False
855,1,3,female,-1.0434023912473467,0,1,-0.5925982142936864,S,Third,woman,False,Southampton,yes,False
857,1,1,male,2.2475361462161634,0,0,0.7069586501160449,S,First,man,True,Southampton,yes,True
858,1,3,female,-0.4450499298903449,0,3,0.1560296508011356,C,Third,woman,False,Cherbourg,yes,False
859,0,3,male,0.12329691538978338,0,0,-0.7528365979006724,C,Third,man,True,Cherbourg,no,True
860,0,3,male,1.2502820439544935,2,0,-0.23308185220526637,S,Third,man,True,Southampton,no,False
861,0,2,male,-0.7442261605688458,1,0,-0.43015360624246995,S,Second,man,True,Southampton,no,False
862,1,1,female,1.9483599155376623,0,0,0.6600537139866519,S,First,woman,False,Southampton,yes,True
864,0,2,male,-0.4450499298903449,0,0,-0.3168201587648771,S,Second,man,True,Southampton,no,True
865,1,2,female,1.3500074541806606,0,0,-0.3168201587648771,S,Second,woman,False,Southampton,yes,True
866,1,2,female,-0.145873699211844,1,0,-0.2519707601181985,C,Second,woman,False,Cherbourg,yes,False
867,0,1,male,0.2530279416928239,0,0,2.5161986945220067,S,First,man,True,Southampton,no,True
868,0,3,male,0.12329691538978338,0,0,-0.581264869545927,S,Third,man,True,Southampton,no,True
869,1,3,male,-2.4395581344136845,1,1,-0.4578598563691588,S,Third,child,False,Southampton,yes,False
870,0,3,male,-0.24559910943801097,0,0,-0.7024712138416299,S,Third,man,True,Southampton,no,True
871,1,1,female,1.8486345053114954,1,1,2.6717224067139247,S,First,woman,False,Southampton,yes,False
872,0,1,male,0.4524787621451578,0,0,-0.9212652119787056,S,First,man,True,Southampton,no,True
873,0,3,male,1.8486345053114954,0,0,-0.6190426853717913,S,Third,man,True,Southampton,no,True
874,1,2,female,-0.046148288985677036,1,0,0.514291789404137,C,Second,woman,False,Cherbourg,yes,False
875,1,3,female,-1.3425786219258478,0,0,-0.7531539315536095,C,Third,child,False,Cherbourg,yes,True
876,0,3,male,-0.8439515707950128,0,0,-0.5551377321207593,S,Third,man,True,Southampton,no,True
877,0,3,male,-0.9436769810211798,0,0,-0.7024712138416299,S,Third,man,True,Southampton,no,True
878,0,3,male,0.12329691538978338,0,0,-0.7024712138416299,S,Third,man,True,Southampton,no,True
880,1,2,female,-0.34532451966417793,0,1,0.6654030527075941,S,Second,woman,False,Southampton,yes,False
881,0,3,male,0.4524787621451578,0,0,-0.7024712138416299,S,Third,man,True,Southampton,no,True
882,0,3,female,-0.6445007503426788,0,0,-0.5044474588456146,S,Third,woman,False,Southampton,no,True
883,0,2,male,-0.046148288985677036,0,0,-0.5057092378941985,S,Second,man,True,Southampton,no,True
884,0,3,male,-0.34532451966417793,0,0,-0.766376167092662,S,Third,man,True,Southampton,no,True
885,0,3,female,1.0508312235021597,0,5,0.9015144016192459,Q,Third,woman,False,Queenstown,no,False
886,0,2,male,-0.145873699211844,0,0,-0.3168201587648771,S,Second,man,True,Southampton,no,True
887,1,1,female,-0.9436769810211798,0,0,0.9676255793145083,S,First,woman,False,Southampton,yes,True
888,0,3,female,0.12329691538978338,1,2,0.4727361919956863,S,Third,woman,False,Southampton,no,False
889,1,1,male,-0.24559910943801097,0,0,0.9676255793145083,C,First,man,True,Cherbourg,yes,True
890,0,3,male,0.3527533519189909,0,0,-0.713487224936452,Q,Third,man,True,Queenstown,no,True
